,company_name,url,code
0,アイセイ薬局,https://www.ipokiso.com//company/2011/aisei.html,3170
1,ミサワ,https://www.ipokiso.com//company/2011/unico.html,3169
2,スターフライヤー,https://www.ipokiso.com//company/2011/starflyer.html,9206
3,新田ゼラチン,https://www.ipokiso.com//company/2011/nitta-gelatin.html,4977
4,"カイオム・
バイオサイエンス",https://www.ipokiso.com//company/2011/chiome.html,4583
5,ジャパンマテリアル,https://www.ipokiso.com//company/2011/j-material.html,6055
6,ダブル・スコープ,https://www.ipokiso.com//company/2011/w-scope.html,6619
7,ネクソン,https://www.ipokiso.com//company/2011/nexon.html,3659
8,"サンセイ
ライディック",https://www.ipokiso.com//company/2011/sansei-l.html,3277
9,リブセンス,https://www.ipokiso.com//company/2011/livesense.html,6054
10,ベルグアース,https://www.ipokiso.com//company/2011/bergearth.html,1383
11,菊池製作所,https://www.ipokiso.com//company/2011/kikuchiseisakusho.html,3444
12,"ポールトゥウィン・
ピットクルー
ホールディング",https://www.ipokiso.com//company/2011/poletowin.html,3657
13,"スリー・ディー・
マトリックス",https://www.ipokiso.com//company/2011/3d-matrix.html,7777
14,日本管理センター,https://www.ipokiso.com//company/2011/jpmc.html,3276
15,シンバイオ製薬,https://www.ipokiso.com//company/2011/symbiopharma.html,4582
16,ＫLab,https://www.ipokiso.com//company/2011/klab.html,3656
17,ブレインパッド,https://www.ipokiso.com//company/2011/brainpad.html,3655
18,イーピーミント,https://www.ipokiso.com//company/2011/epmint.html,6052
19,"ヒト・
コミュニケーションズ",https://www.ipokiso.com//company/2011/hitocom.html,3654
20,モルフォ,https://www.ipokiso.com//company/2011/morphoinc.html,3653
21,ラクオリア創薬,https://www.ipokiso.com//company/2011/raqualia.html,4579
22,SEMITEC,https://www.ipokiso.com//company/2011/semitec.html,6626
23,日本ドライケミカル,https://www.ipokiso.com//company/2011/ndc-group.html,1909
24,イートアンド,https://www.ipokiso.com//company/2011/eat-and.html,2882
25,ハウスコム,https://www.ipokiso.com//company/2011/housecom.html,3275
26,"ディジタルメディア
プロフェッショナル",https://www.ipokiso.com//company/2011/dmprof.html,3652
27,"クロタニ
コーポレーション",https://www.ipokiso.com//company/2011/kurotani.html,3168
28,ピーエスシー,https://www.ipokiso.com//company/2011/findex.html,3649
29,"アイ・アール
ジャパン",https://www.ipokiso.com//company/2011/irjapan.html,6051
30,アイディホーム,https://www.ipokiso.com//company/2011/idhome.html,3274
31,島根銀行,https://www.ipokiso.com//company/2011/shimagin.html,7150
32,カルビー,https://www.ipokiso.com//company/2011/calbee.html,2229
33,AGS,https://www.ipokiso.com//company/2011/ags.html,3648
34,駅探,https://www.ipokiso.com//company/2011/ekitan.html,3646
35,地盤ネット,https://www.ipokiso.com//company/2012/jibannet.html,6072
36,グランディーズ,https://www.ipokiso.com//company/2012/grandes.html,3261
37,ユーグレナ,https://www.ipokiso.com//company/2012/euglena.html,2931
38,パンチ工業,https://www.ipokiso.com//company/2012/punch.html,6165
39,シュッピン,https://www.ipokiso.com//company/2012/syuppin.html,3179
40,モバイルクリエイト,https://www.ipokiso.com//company/2012/mcinc.html,3669
41,全国保証,https://www.ipokiso.com//company/2012/zenkoku.html,7164
42,チムニー,https://www.ipokiso.com//company/2012/chimney.html,3178
43,コロプラ,https://www.ipokiso.com//company/2012/colopl.html,3668
44,アジュバンコスメジャパン,https://www.ipokiso.com//company/2012/adjuvant.html,4929
45,enish,https://www.ipokiso.com//company/2012/enish.html,3667
46,UMNファーマ,https://www.ipokiso.com//company/2012/umnpharma.html,4585
47,テクノスジャパン,https://www.ipokiso.com//company/2012/tecnos.html,3666
48,IBJ,https://www.ipokiso.com//company/2012/ibjapan.html,6071
49,ジーンテクノサイエンス,https://www.ipokiso.com//company/2012/g-gts.html,4584
50,エストラスト,https://www.ipokiso.com//company/2012/strust.html,3280
51,キャリアリンク,https://www.ipokiso.com//company/2012/careerlink.html,6070
52,ありがとうサービス,https://www.ipokiso.com//company/2012/arigatou-s.html,3177
53,阿波製紙,https://www.ipokiso.com//company/2012/awapaper.html,3896
54,三洋貿易,https://www.ipokiso.com//company/2012/sanyo-trading.html,3176
55,トレンダーズ,https://www.ipokiso.com//company/2012/trenders.html,6069
56,日本コンセプト,https://www.ipokiso.com//company/2012/n-concept.html,9386
57,メディアフラッグ,https://www.ipokiso.com//company/2012/mediaflag.html,6067
58,"エー・ピー
カンパニー",https://www.ipokiso.com//company/2012/apcompany.html,3175
59,日本航空（JAL）,https://www.ipokiso.com//company/2012/jal.html,9201
60,"サクセス
ホールディングス",https://www.ipokiso.com//company/2012/success-holdings.html,6065
61,エニグモ,https://www.ipokiso.com//company/2012/enigmo.html,3665
62,ワイヤレスゲート,https://www.ipokiso.com//company/2012/wirelessgate.html,9419
63,アクトコール,https://www.ipokiso.com//company/2012/actcall.html,6064
64,モブキャスト,https://www.ipokiso.com//company/2012/mobcast.html,3664
65,大泉製作所,https://www.ipokiso.com//company/2012/ohizumi.html,6618
66,ハピネス・アンド・ディ,https://www.ipokiso.com//company/2012/happiness-d.html,3174
67,"日本エマージェンシー
アシスタンス",https://www.ipokiso.com//company/2012/emergency.html,6063
68,"北の達人
コーポレーション",https://www.ipokiso.com//company/2012/kitanotatsujin.html,2930
69,"チャーム・ケア・
コーポレーション",https://www.ipokiso.com//company/2012/charmcc.html,6062
70,ユニバーサル園芸社,https://www.ipokiso.com//company/2012/uni-green.html,6061
71,こころネット,https://www.ipokiso.com//company/2012/cocolonet.html,6060
72,"ウチヤマ
ホールディングス",https://www.ipokiso.com//company/2012/uchiyama-gr.html,6059
73,エイチーム,https://www.ipokiso.com//company/2012/a-tm.html,3662
74,ベクトル,https://www.ipokiso.com//company/2012/vectorinc.html,6058
75,ライフネット生命,https://www.ipokiso.com//company/2012/lifenet-seimei.html,7157
76,エムアップ,https://www.ipokiso.com//company/2012/m-up.html,3661
77,大阪工機,https://www.ipokiso.com//company/2012/osk-k.html,3173
78,アイスタイル,https://www.ipokiso.com//company/2012/istyle.html,3660
79,ティーライフ,https://www.ipokiso.com//company/2012/tealifeir.html,3172
80,マックスバリュ九州,https://www.ipokiso.com//company/2012/mv-kyushu.html,3172
81,"ヒューマン
メタボローム
テクノロジー",https://www.ipokiso.com//company/2013/humanmetabolome.html,6090
82,ダイキアクシス,https://www.ipokiso.com//company/2013/daiki-axis.html,4245
83,ウィルグループ,https://www.ipokiso.com//company/2013/willgroup.html,6089
84,"足利
ホールディングス",https://www.ipokiso.com//company/2013/ashikaga-hd.html,7167
85,シンプロメンテ,https://www.ipokiso.com//company/2013/shin-pro.html,6086
86,シグマクシス,https://www.ipokiso.com//company/2013/sigmaxyz.html,6088
87,イーグランド,https://www.ipokiso.com//company/2013/e-grand.html,3294
88,アビスト,https://www.ipokiso.com//company/2013/abist.html,6087
89,"アーキテクツ
スタジオ
ジャパン",https://www.ipokiso.com//company/2013/asj-net.html,6085
90,アズマハウス,https://www.ipokiso.com//company/2013/azumahouse.html,3293
91,日本アクア,https://www.ipokiso.com//company/2013/n-aqua.html,1429
92,"エンカレッジ
・テクノロジ",https://www.ipokiso.com//company/2013/et-x.html,3682
93,オウチーノ,https://www.ipokiso.com//company/2013/o-uccino.html,6084
94,ブイキューブ,https://www.ipokiso.com//company/2013/v-cube.html,3681
95,ホットリンク,https://www.ipokiso.com//company/2013/hottolink.html,3680
96,"オンコリス
バイオファーマ",https://www.ipokiso.com//company/2013/oncolys.html,4588
97,"ライドオン
エクスプレス",https://www.ipokiso.com//company/2013/rideonexpress.html,6082
98,"アライド
アーキテクツ",https://www.ipokiso.com//company/2013/aainc.html,6081
99,じげん,https://www.ipokiso.com//company/2013/zigexn.html,3679
100,メディアドゥ,https://www.ipokiso.com//company/2013/mediado.html,3678
101,"M&Aキャピタル
パートナーズ",https://www.ipokiso.com//company/2013/ma-cp.html,6080
102,ANAP,https://www.ipokiso.com//company/2013/anap.html,3189
103,システム情報,https://www.ipokiso.com//company/2013/system.html,3677
104,エナリス,https://www.ipokiso.com//company/2013/eneres.html,6079
105,バリューHR,https://www.ipokiso.com//company/2013/valuehr.html,6078
106,"エンビプロ・
ホールディングス",https://www.ipokiso.com//company/2013/envipro.html,5698
107,オープンハウス,https://www.ipokiso.com//company/2013/openhouse.html,3288
108,サンワカンパニー,https://www.ipokiso.com//company/2013/sanwacompany.html,3187
109,N・フィールド,https://www.ipokiso.com//company/2013/nfield.html,6077
110,アメイズ,https://www.ipokiso.com//company/2013/az-hotels.html,6076
111,ネクステージ,https://www.ipokiso.com//company/2013/nextage.html,3186
112,夢展望,https://www.ipokiso.com//company/2013/dreamvs.html,3185
113,フォトクリエイト,https://www.ipokiso.com//company/2013/photocreate.html,6075
114,"サントリー食品
インターナショナル",https://www.ipokiso.com//company/2013/suntory.html,2587
115,ICDAホールディングス,https://www.ipokiso.com//company/2013/icda.html,3184
116,ジェイエスエス,https://www.ipokiso.com//company/2013/jss.html,6074
117,リプロセル,https://www.ipokiso.com//company/2013/reprocell.html,4978
118,横田製作所,https://www.ipokiso.com//company/2013/aquadevice.html,6248
119,ペプチドリーム,https://www.ipokiso.com//company/2013/peptidream.html,4587
120,オークファン,https://www.ipokiso.com//company/2013/aucfan.html,3674
121,サンヨーホームズ,https://www.ipokiso.com//company/2013/sanyohomes.html,1420
122,タマホーム,https://www.ipokiso.com//company/2013/tamahome.html,1419
123,ブロードリーフ,https://www.ipokiso.com//company/2013/broadleaf.html,3673
124,アサンテ,https://www.ipokiso.com//company/2013/asante.html,6073
125,ファルテック,https://www.ipokiso.com//company/2013/faltec.html,7215
126,ウォーターダイレクト,https://www.ipokiso.com//company/2013/waterdirect.html,2588
127,鴻池運輸,https://www.ipokiso.com//company/2013/konoike.html,9025
128,オルトプラス,https://www.ipokiso.com//company/2013/altplus.html,3672
129,オイシックス,https://www.ipokiso.com//company/2013/oisix.html,3182
130,ソフトマックス,https://www.ipokiso.com//company/2013/s-max.html,3671
131,協立情報通信,https://www.ipokiso.com//company/2013/kccnet.html,3670
132,ビューティガレージ,https://www.ipokiso.com//company/2013/beautygarage.html,3180
133,買収王国,https://www.ipokiso.com//company/2013/okoku.html,3181
134,メドレックス,https://www.ipokiso.com//company/2013/medrx.html,4586
135,ＭＲＴ,https://www.ipokiso.com//company/2014/medrt.html,6034
136,エクストリーム,https://www.ipokiso.com//company/2014/e-xtreme.html,6033
137,カヤック,https://www.ipokiso.com//company/2014/kayac.html,3904
138,東京ボード工業,https://www.ipokiso.com//company/2014/t-b-i.html,7815
139,データセクション,https://www.ipokiso.com//company/2014/datasection.html,3905
140,ヨシックス,https://www.ipokiso.com//company/2014/yossix.html,3221
141,"綿半
ホールディングス",https://www.ipokiso.com//company/2014/watahan.html,3199
142,インターワークス,https://www.ipokiso.com//company/2014/interworks.html,6032
143,イーレックス,https://www.ipokiso.com//company/2014/erex.html,9517
144,サイジニア,https://www.ipokiso.com//company/2014/scigineer.html,6031
145,メタウォーター,https://www.ipokiso.com//company/2014/metawater.html,9551
146,アドベンチャー,https://www.ipokiso.com//company/2014/adventurekk.html,6030
147,ｇｕｍｉ,https://www.ipokiso.com//company/2014/gu3.html,3903
148,大冷,https://www.ipokiso.com//company/2014/dai-rei.html,2883
149,竹本容器,https://www.ipokiso.com//company/2014/takemotokk.html,4248
150,今村証券,https://www.ipokiso.com//company/2014/imamura.html,7175
151,フルッタフルッタ,https://www.ipokiso.com//company/2014/frutafruta.html,2586
152,ＳＦＰダイニング,https://www.ipokiso.com//company/2014/sfpdining.html,3198
153,Ｕ−ＮＥＸＴ,https://www.ipokiso.com//company/2014/unext.html,9418
154,マークラインズ,https://www.ipokiso.com//company/2014/marklines.html,3901
155,"メディカル・
データ・ビジョン",https://www.ipokiso.com//company/2014/mdv.html,3902
156,アトラ,https://www.ipokiso.com//company/2014/artra.html,6029
157,"テクノプロ・
ホールディングス",https://www.ipokiso.com//company/2014/technoproholdings.html,6028
158,クラウドワークス,https://www.ipokiso.com//company/2014/crowdworks.html,3900
159,GMO TECH,https://www.ipokiso.com//company/2014/gmotech.html,6026
160,スノーピーク,https://www.ipokiso.com//company/2014/snowpeak.html,7816
161,ビーロット,https://www.ipokiso.com//company/2014/b-lot.html,3452
162,弁護士ドットコム,https://www.ipokiso.com//company/2014/bengo4.html,6027
163,ＣＲＩ・ミドルウェア,https://www.ipokiso.com//company/2014/cri-mw.html,3698
164,日本ＰＣサービス,https://www.ipokiso.com//company/2014/j-pcs.html,6025
165,ＳＨＩＦＴ,https://www.ipokiso.com//company/2014/shiftinc.html,3697
166,エラン,https://www.ipokiso.com//company/2014/kkelan.html,6099
167,アルファポリス,https://www.ipokiso.com//company/2014/alphapolis.html,9467
168,オプティム,https://www.ipokiso.com//company/2014/optim.html,3694
169,セレス,https://www.ipokiso.com//company/2014/ceres-inc.html,3696
170,GMOリサーチ,https://www.ipokiso.com//company/2014/gmo-research.html,3695
171,リクルート,https://www.ipokiso.com//company/2014/recruit.html,6098
172,すかいらーく,https://www.ipokiso.com//company/2014/skylark.html,3197
173,ヤマシンフィルタ,https://www.ipokiso.com//company/2014/yamashin-filter.html,6240
174,ホットランド,https://www.ipokiso.com//company/2014/hotland.html,3196
175,ＦＦＲＩ,https://www.ipokiso.com//company/2014/ffri.html,3692
176,リボミック,https://www.ipokiso.com//company/2014/ribomic.html,4591
177,ジェネレーションパス,https://www.ipokiso.com//company/2014/genepa.html,3195
178,ＡＭＢＩＴＩＯＮ,https://www.ipokiso.com//company/2014/am-bition.html,3300
179,リアルワールド,https://www.ipokiso.com//company/2014/realworld.html,3691
180,ロックオン,https://www.ipokiso.com//company/2014/lockon.html,3690
181,"ジャパン
インベストメント
アドバイザー",https://www.ipokiso.com//company/2014/jia-ltd.html,7172
182,"日本
ビューホテル",https://www.ipokiso.com//company/2014/viewhotels.html,6097
183,イグニス,https://www.ipokiso.com//company/2014/1923.html,3689
184,鳥貴族,https://www.ipokiso.com//company/2014/torikizoku.html,3193
185,"ＶＯＹＡＧＥ
ＧＲＯＵＰ",https://www.ipokiso.com//company/2014/voyagegroup.html,3688
186,レアジョブ,https://www.ipokiso.com//company/2014/rarejob.html,6096
187,メドピア,https://www.ipokiso.com//company/2014/medpeer.html,6095
188,ポバール興業,https://www.ipokiso.com//company/2014/poval.html,4247
189,ＯＡＴアグリオ,https://www.ipokiso.com//company/2014/oat-agrio.html,4979
190,フリークアウト,https://www.ipokiso.com//company/2014/fout.html,6094
191,ムゲンエステート,https://www.ipokiso.com//company/2014/mugen-estate.html,3299
192,"ニュートン・
フィナンシャル・
コンサルティング",https://www.ipokiso.com//company/2014/newton-fc.html,7169
193,東武住販,https://www.ipokiso.com//company/2014/toubu.html,3297
194,白鳩,https://www.ipokiso.com//company/2014/shirohato.html,3192
195,"西武
ホールディングス",https://www.ipokiso.com//company/2014/seibuholdings.html,9024
196,フィックスターズ,https://www.ipokiso.com//company/2014/fixstars.html,3687
197,ジョイフル本田,https://www.ipokiso.com//company/2014/joyfulhonda.html,3191
198,丸和運輸機関,https://www.ipokiso.com//company/2014/maruwa.html,9090
199,"トレックス・
セミコンダクター",https://www.ipokiso.com//company/2014/torex.html,6616
200,"エスクロー・
エージェント・
ジャパン",https://www.ipokiso.com//company/2014/eaj.html,6093
201,ディー・エル・イー,https://www.ipokiso.com//company/2014/dle.html,3686
202,CYBERDYNE,https://www.ipokiso.com//company/2014/cyberdyne.html,7779
203,"みんなの
ウェディング",https://www.ipokiso.com//company/2014/mwed.html,3685
204,ホットマン,https://www.ipokiso.com//company/2014/hotman.html,3190
205,"ジャパン
ディスプレイ",https://www.ipokiso.com//company/2014/j-display.html,6740
206,日立マクセル,https://www.ipokiso.com//company/2014/maxell.html,6810
207,ダイキョーニシカワ,https://www.ipokiso.com//company/2014/daykyonisikawa.html,4246
208,"エンバイオ・
ホールディングス",https://www.ipokiso.com//company/2014/enbio.html,6092
209,日本ＢＳ放送,https://www.ipokiso.com//company/2014/bs11.html,9414
210,サイバーリンクス,https://www.ipokiso.com//company/2014/cyberlinks.html,3683
211,"アキュセラ・
インク",https://www.ipokiso.com//company/2014/acucela.html,4589
212,グラフィコ,https://www.ipokiso.com//company/2020/graphico.html,4930
213,一蔵,https://www.ipokiso.com//company/2015/ichikura.html,6186
214,"ケイアイスター
不動産",https://www.ipokiso.com//company/2015/ki-group.html,3465
215,ソーシャルワイヤー,https://www.ipokiso.com//company/2015/socialwire.html,3929
216,"ソネット・メディア・
ネットワークス",https://www.ipokiso.com//company/2015/so-netmedia.html,6185
217,"プロパティ
エージェント",https://www.ipokiso.com//company/2015/propertyagent.html,3464
218,マイネット,https://www.ipokiso.com//company/2015/mynet.html,3928
219,ビジョン,https://www.ipokiso.com//company/2015/vision-net.html,9416
220,アークン,https://www.ipokiso.com//company/2015/ahkun.html,3927
221,フリュー,https://www.ipokiso.com//company/2015/furyu.html,6238
222,アートグリーン,https://www.ipokiso.com//company/2015/artgreen.html,3419
223,ミズホメディー,https://www.ipokiso.com//company/2015/mizuho-m.html,4595
224,オープンドア,https://www.ipokiso.com//company/2015/opendoor.html,3926
225,ツバキ・ナカシマ,https://www.ipokiso.com//company/2015/tsubaki.html,6464
226,"ダブル
スタンダード",https://www.ipokiso.com//company/2015/double-std.html,3925
227,ランドコンピュータ,https://www.ipokiso.com//company/2015/rand.html,3924
228,ラクス,https://www.ipokiso.com//company/2015/rakus.html,3923
229,鎌倉新書,https://www.ipokiso.com//company/2015/kamakura-net.html,6184
230,"インベスターズ
クラウド",https://www.ipokiso.com//company/2015/e-inv.html,1435
231,"いちごホテルリート
投資法人",https://www.ipokiso.com//company/2015/ichigo_hotel_reit.html,3463
232,ネオジャパン,https://www.ipokiso.com//company/2015/neo.html,3921
233,"ベルシステム24
ホールディングス",https://www.ipokiso.com//company/2015/bell24.html,6183
234,ロゼッタ,https://www.ipokiso.com//company/2015/rozetta.html,6182
235,あんしん保証,https://www.ipokiso.com//company/2015/srgs.html,7183
236,日本郵政,https://www.ipokiso.com//company/2015/japanpost.html,6178
237,ゆうちょ銀行,https://www.ipokiso.com//company/2015/jp-bank.html,7182
238,かんぽ生命保険,https://www.ipokiso.com//company/2015/jp-life.html,7181
239,バルニバービ,https://www.ipokiso.com//company/2015/balnibarbi.html,3418
240,"パートナー
エージェント",https://www.ipokiso.com//company/2015/p-a.html,6181
241,GMOメディア,https://www.ipokiso.com//company/2015/gmo-media.html,6180
242,"グリーン
ペプタイド",https://www.ipokiso.com//company/2015/green-peptide.html,4594
243,ＡｐｐＢａｎｋ,https://www.ipokiso.com//company/2015/appbank.html,6177
244,ブランジスタ,https://www.ipokiso.com//company/2015/brangista.html,6176
245,ネットマーケティング,https://www.ipokiso.com//company/2017/net-marketing.html,6175
246,アイビーシー,https://www.ipokiso.com//company/2015/ibc21.html,3920
247,ピクスタ,https://www.ipokiso.com//company/2015/pixta.html,3416
248,"JESCO
ホールディングス",https://www.ipokiso.com//company/2015/jesco.html,1434
249,ＳＴＵＤＩＯＵＳ,https://www.ipokiso.com//company/2015/studious.html,3415
250,ベステラ,https://www.ipokiso.com//company/2015/besterra.html,1433
251,アクアライン,https://www.ipokiso.com//company/2015/aqualine.html,6173
252,メタップス,https://www.ipokiso.com//company/2015/metaps.html,6172
253,ラクト・ジャパン,https://www.ipokiso.com//company/2015/lactojapan.html,3139
254,"土木管理
総合試験所",https://www.ipokiso.com//company/2015/dksiken.html,6171
255,パルマ,https://www.ipokiso.com//company/2015/palma.html,3461
256,リッチメディア,https://www.ipokiso.com//company/2015/rich.html,6170
257,エスケーホーム,https://www.ipokiso.com//company/2015/sk-home.html,1431
258,"ＰＣＩ
ホールディングス",https://www.ipokiso.com//company/2015/pci-h.html,3918
259,イトクロ,https://www.ipokiso.com//company/2015/itokuro.html,6049
260,"ジャパン
シニアリビング
投資法人",https://www.ipokiso.com//company/2015/japan_senior.html,3460
261,デクセリアルズ,https://www.ipokiso.com//company/2015/dexerials.html,4980
262,アイリッジ,https://www.ipokiso.com//company/2015/iridge.html,3917
263,平山,https://www.ipokiso.com//company/2015/hirayamastaff.html,7781
264,クレステック,https://www.ipokiso.com//company/2015/crestec.html,7812
265,"富士山
マガジンサービス",https://www.ipokiso.com//company/2015/fujisan.html,3138
266,"サムティ・
レジデンシャル
投資法人",https://www.ipokiso.com//company/2015/samty.html,3459
267,ナガオカ,https://www.ipokiso.com//company/2015/nagaokajapan.html,6239
268,ファンデリー,https://www.ipokiso.com//company/2015/fundely.html,3137
269,メニコン,https://www.ipokiso.com//company/2015/menicon.html,7780
270,冨士ダイス,https://www.ipokiso.com//company/2015/fujidie.html,6167
271,中村超硬,https://www.ipokiso.com//company/2015/nakamura-gp.html,6166
272,エコノス,https://www.ipokiso.com//company/2015/eco-nos.html,3136
273,"デジタル・
インフォメーション・
テクノロジー",https://www.ipokiso.com//company/2015/ditgroup.html,3916
274,"マーケット
エンタープライズ",https://www.ipokiso.com//company/2015/marketenterprise.html,3135
275,"スマート
バリュー",https://www.ipokiso.com//company/2015/smartvalue.html,9417
276,ヘリオス,https://www.ipokiso.com//company/2015/healios.html,4593
277,"デザインワン・
ジャパン",https://www.ipokiso.com//company/2015/designone.html,6048
278,テラスカイ,https://www.ipokiso.com//company/2015/terrasky.html,3915
279,ジグソー,https://www.ipokiso.com//company/2015/jig-saw.html,3914
280,Gunosy,https://www.ipokiso.com//company/2015/gunosy.html,6047
281,リンクバル,https://www.ipokiso.com//company/2015/linkbal.html,6046
282,レントラックス,https://www.ipokiso.com//company/2015/rentracks.html,6045
283,三機サービス,https://www.ipokiso.com//company/2015/sanki-s.html,6044
284,"日本スキー場
開発",https://www.ipokiso.com//company/2015/nippon-ski.html,6040
285,シーアールイー,https://www.ipokiso.com//company/2015/cre-jpn.html,3458
286,Ｈａｍｅｅ,https://www.ipokiso.com//company/2015/hamee.html,3134
287,海帆,https://www.ipokiso.com//company/2015/kaihan.html,3133
288,サンバイオ,https://www.ipokiso.com//company/2015/sanbio.html,4592
289,ｓＭｅｄｉｏ,https://www.ipokiso.com//company/2015/smedio.html,3913
290,プラッツ,https://www.ipokiso.com//company/2015/platz.html,7813
291,"日本動物
高度医療
センター",https://www.ipokiso.com//company/2015/jarmec.html,6039
292,"モバイル
ファクトリー",https://www.ipokiso.com//company/2015/mobilefactory.html,3912
293,"シンデン・
ハイテックス",https://www.ipokiso.com//company/2015/shinden.html,3131
294,ハウスドゥ,https://www.ipokiso.com//company/2015/housedo.html,3457
295,Aiming,https://www.ipokiso.com//company/2015/aiming.html,3911
296,イード,https://www.ipokiso.com//company/2015/iid.html,6038
297,"ファースト
コーポレーション",https://www.ipokiso.com//company/2015/1st-corp.html,1430
298,"ＲＳ
Ｔｅｃｈｎｏｌｏｇｉｅｓ",https://www.ipokiso.com//company/2015/rs-tec.html,3445
299,"ヘルスケア
＆メディカル
投資法人",https://www.ipokiso.com//company/2015/healthcare_medical.html,3455
300,ヒューマンウェブ,https://www.ipokiso.com//company/2015/oysterbar.html,3224
301,エスエルディー,https://www.ipokiso.com//company/2015/sld.html,3223
302,"ショーケース・
ティービー",https://www.ipokiso.com//company/2015/showcase-tv.html,3909
303,コラボス,https://www.ipokiso.com//company/2015/collabos.html,3908
304,"エムケイ
システム",https://www.ipokiso.com//company/2015/mks.html,3910
305,シリコンスタジオ,https://www.ipokiso.com//company/2015/siliconstudio.html,3907
306,ホクリヨウ,https://www.ipokiso.com//company/2015/hokuryo.html,1384
307,ALBERT,https://www.ipokiso.com//company/2015/albert2005.html,3906
308,"ファースト
ロジック",https://www.ipokiso.com//company/2015/firstlogic.html,6037
309,"ファースト
ブラザーズ",https://www.ipokiso.com//company/2015/firstbrothers.html,3454
310,KeePer技研,https://www.ipokiso.com//company/2015/keepercoating.html,6036
311,"ケネディクス
商業リート
投資法人",https://www.ipokiso.com//company/2015/kenedix-fm.html,3453
312,"ティビィシィ・
スキヤツト",https://www.ipokiso.com//company/2016/tbcscat.html,3974
313,エイトレッド,https://www.ipokiso.com//company/2016/atled.html,3969
314,フォーライフ,https://www.ipokiso.com//company/2016/forlifeand.html,3477
315,イノベーション,https://www.ipokiso.com//company/2016/innovation.html,3970
316,グレイステクノロジー,https://www.ipokiso.com//company/2016/g-race.html,6541
317,セグエグループ,https://www.ipokiso.com//company/2016/segue-g.html,3968
318,"リネットジャパン
グループ",https://www.ipokiso.com//company/2016/renet.html,3556
319,船場,https://www.ipokiso.com//company/2016/semba.html,6540
320,ＺＭＰ,https://www.ipokiso.com//company/2015/zmp.html,7316
321,"日本モーゲージ
サービス",https://www.ipokiso.com//company/2016/m-s-j.html,7192
322,シンシア,https://www.ipokiso.com//company/2016/sincere.html,7782
323,投資法人みらい,https://www.ipokiso.com//company/2016/mirai.html,3476
324,ＭＳ－Ｊａｐａｎ,https://www.ipokiso.com//company/2016/jmsc.html,6539
325,キャリアインデックス,https://www.ipokiso.com//company/2016/careerindex.html,6538
326,グッドコムアセット,https://www.ipokiso.com//company/2016/goodcomasset.html,3475
327,イントラスト,https://www.ipokiso.com//company/2016/entrust.html,7191
328,"いちごグリーン
インフラ投資法人",https://www.ipokiso.com//company/2016/ichigo_green.html,9282
329,スタジオアタオ,https://www.ipokiso.com//company/2016/atao.html,3550
330,エルテス,https://www.ipokiso.com//company/2016/eltes.html,3967
331,ＪＭＣ,https://www.ipokiso.com//company/2016/jmc.html,5704
332,ＷＡＳＨハウス,https://www.ipokiso.com//company/2016/wash-house.html,6537
333,フィル・カンパニー,https://www.ipokiso.com//company/2016/philcompany.html,3267
334,"バロックジャパン
リミテッド",https://www.ipokiso.com//company/2016/baroque-global.html,3548
335,岐阜造園,https://www.ipokiso.com//company/2016/gifu-zohen.html,1438
336,アイモバイル,https://www.ipokiso.com//company/2016/i-mobile.html,6535
337,"九州旅客鉄道
〔JR九州〕",https://www.ipokiso.com//company/2015/jrkyushu.html,9142
338,ユーザベース,https://www.ipokiso.com//company/2016/uzabase.html,3966
339,"マーキュリア
インベストメント",https://www.ipokiso.com//company/2016/mercuria.html,7190
340,KHネオケム,https://www.ipokiso.com//company/2016/khneochem.html,4189
341,"キャピタル・
アセット・
プランニング",https://www.ipokiso.com//company/2016/cap-net.html,3965
342,Ｇ－ＦＡＣＴＯＲＹ,https://www.ipokiso.com//company/2016/g-fac.html,3474
343,オークネット,https://www.ipokiso.com//company/2016/aucnet.html,3964
344,シンクロ・フード,https://www.ipokiso.com//company/2016/synchro-food.html,3963
345,"シルバーエッグ・
テクノロジー",https://www.ipokiso.com//company/2016/silveregg.html,3961
346,チェンジ,https://www.ipokiso.com//company/2016/change-jp.html,3962
347,バリューデザイン,https://www.ipokiso.com//company/2016/valuedesign.html,3960
348,"ノムラシステム
コーポレーション",https://www.ipokiso.com//company/2016/nomura-system.html,3940
349,串カツ田中,https://www.ipokiso.com//company/2016/kushi-tanaka.html,3547
350,"カナミック
ネットワーク",https://www.ipokiso.com//company/2016/kanamic.html,3939
351,"デジタル
アイデンティティ",https://www.ipokiso.com//company/2016/digitalidentity.html,6533
352,"さくら総合
リート投資法人",https://www.ipokiso.com//company/2016/sakura_reit.html,3473
353,"ベイカレント・
コンサルティング",https://www.ipokiso.com//company/2016/baycurrent.html,6532
354,"デファクト
スタンダード",https://www.ipokiso.com//company/2016/defactostandard.html,3545
355,"大江戸温泉
リート投資法人",https://www.ipokiso.com//company/2016/ooedo_reat.html,3472
356,"三井不動産
ロジスティクス
パーク投資法人",https://www.ipokiso.com//company/2016/mitsuilogi.html,3471
357,"マリモ地方創生
リート投資法人",https://www.ipokiso.com//company/2016/marimo.html,3470
358,リファインバース,https://www.ipokiso.com//company/2016/r-inverse.html,6531
359,デュアルタップ,https://www.ipokiso.com//company/2016/dualtap.html,3469
360,インソース,https://www.ipokiso.com//company/2016/insource.html,6200
361,LINE,https://www.ipokiso.com//company/2014/line.html,3938
362,セラク,https://www.ipokiso.com//company/2016/seraku.html,6199
363,"コメダ
ホールディングス",https://www.ipokiso.com//company/2016/komeda.html,3543
364,ソラスト,https://www.ipokiso.com//company/2016/solasto.html,6197
365,"ベガ
コーポレーション",https://www.ipokiso.com//company/2016/vega-c.html,3542
366,キャリア,https://www.ipokiso.com//company/2016/careergift.html,6198
367,"バーチャレクス・
コンサルティング",https://www.ipokiso.com//company/2016/virtualex.html,6193
368,ジェイリース,https://www.ipokiso.com//company/2016/j-lease.html,7187
369,ストライク,https://www.ipokiso.com//company/2016/strike.html,6196
370,"ＡＷＳ
ホールディングス",https://www.ipokiso.com//company/2016/aws-hd.html,3937
371,やまみ,https://www.ipokiso.com//company/2016/yamami.html,2820
372,"農業総合
研究所",https://www.ipokiso.com//company/2016/nousouken.html,3541
373,アトラエ,https://www.ipokiso.com//company/2016/atrae.html,6194
374,ホープ,https://www.ipokiso.com//company/2016/zaigenkakuho.html,6195
375,"タカラレーベン
・インフラ
投資法人",https://www.ipokiso.com//company/2016/takaraleben.html,9281
376,ジャパンミート,https://www.ipokiso.com//company/2016/japanmeat.html,3539
377,"スターアジア
不動産投資法人",https://www.ipokiso.com//company/2016/starasia.html,3468
378,グローバルウェイ,https://www.ipokiso.com//company/2016/globalway.html,3936
379,エディア,https://www.ipokiso.com//company/2016/edia.html,3935
380,"丸八
ホールディングス",https://www.ipokiso.com//company/2016/maruhachi.html,3504
381,"ハイアス・アンド・
カンパニー",https://www.ipokiso.com//company/2016/hyas.html,6192
382,ＰＲＴＩＭＥＳ,https://www.ipokiso.com//company/2016/prtimes.html,3922
383,エボラブルアジア,https://www.ipokiso.com//company/2016/evolableasia.html,6191
384,ベネフィットジャパン,https://www.ipokiso.com//company/2016/benefitjapan.html,3934
385,"ウイルプラス
ホールディングス",https://www.ipokiso.com//company/2016/willplus.html,3538
386,チエル,https://www.ipokiso.com//company/2016/chieru.html,3933
387,フェニックスバイオ,https://www.ipokiso.com//company/2016/phoenixbio.html,6190
388,イワキポンプ,https://www.ipokiso.com//company/2016/iwakipumps.html,6237
389,"アイドマ
マーケティング
コミュニケーション",https://www.ipokiso.com//company/2016/e-aidma.html,9466
390,"アグレ都市
デザイン",https://www.ipokiso.com//company/2016/agr-urban.html,3467
391,"グローバル
グループ",https://www.ipokiso.com//company/2016/globalg.html,6189
392,ヒロセ通商,https://www.ipokiso.com//company/2016/hirose-fx.html,7185
393,アカツキ,https://www.ipokiso.com//company/2015/aktsk.html,3932
394,昭栄薬品,https://www.ipokiso.com//company/2016/shoei-yakuhin.html,3537
395,富山第一銀行,https://www.ipokiso.com//company/2016/first-bank.html,7184
396,"富士ソフトサービス
ビューロ",https://www.ipokiso.com//company/2016/fsisb.html,6188
397,"ユー・エム・シー
エレクトロニクス",https://www.ipokiso.com//company/2016/umc.html,6615
398,LITALICO,https://www.ipokiso.com//company/2016/litalico.html,6187
399,フィット,https://www.ipokiso.com//company/2016/fit-group.html,1436
400,ブラス,https://www.ipokiso.com//company/2016/brass.html,2424
401,"ヨシムラ・フード・
ホールディングス",https://www.ipokiso.com//company/2016/y-food-h.html,2884
402,中本パックス,https://www.ipokiso.com//company/2016/npacks.html,7811
403,バリューゴルフ,https://www.ipokiso.com//company/2016/valuegolf.html,3931
404,はてな,https://www.ipokiso.com//company/2016/hatenacorp.html,3930
405,"ラサール
ロジポート
投資法人",https://www.ipokiso.com//company/2016/lasalle_logiport_reit.html,3466
406,オプティマスグループ,https://www.ipokiso.com//company/2017/optimusgroup.html,9268
407,ABホテル,https://www.ipokiso.com//company/2017/ab-hotel.html,6565
408,要興業,https://www.ipokiso.com//company/2017/kaname-k.html,6566
409,ミダック,https://www.ipokiso.com//company/2017/midac.html,6564
410,プレミアグループ,https://www.ipokiso.com//company/2017/premium-group.html,7199
411,オプトラン,https://www.ipokiso.com//company/2017/optorun.html,6235
412,"森六
ホールディングス",https://www.ipokiso.com//company/2017/moriroku.html,4249
413,みらいワークス,https://www.ipokiso.com//company/2017/mirai-works.html,6563
414,歯愛メディカル,https://www.ipokiso.com//company/2017/ci-medical.html,3540
415,ナレッジスイート,https://www.ipokiso.com//company/2017/ksj.html,3999
416,すららネット,https://www.ipokiso.com//company/2017/surala.html,3998
417,ジーニー,https://www.ipokiso.com//company/2015/geniee.html,6562
418,イオレ,https://www.ipokiso.com//company/2017/eole.html,2334
419,HANATOUR JAPAN,https://www.ipokiso.com//company/2017/hanatourjapan.html,6561
420,エル・ティー・エス,https://www.ipokiso.com//company/2017/lt-s.html,6560
421,アルヒ,https://www.ipokiso.com//company/2017/aruhi.html,7198
422,"グローバル・リンク・
マネジメント",https://www.ipokiso.com//company/2017/global-link-m.html,3486
423,"マツオカ
コーポレーション",https://www.ipokiso.com//company/2017/matuoka.html,3611
424,"ヴィスコ・
テクノロジーズ",https://www.ipokiso.com//company/2017/visco.html,6698
425,SGホールディングス,https://www.ipokiso.com//company/2017/sg-hldgs.html,9143
426,カチタス,https://www.ipokiso.com//company/2017/katitas.html,8919
427,"一家ダイニング
プロジェクト",https://www.ipokiso.com//company/2017/ikkadining.html,9266
428,アトリエはるか,https://www.ipokiso.com//company/2017/haruka.html,6559
429,トレードワークス,https://www.ipokiso.com//company/2017/tworks.html,3997
430,クックビズ,https://www.ipokiso.com//company/2017/cookbiz.html,6558
431,幸和製作所,https://www.ipokiso.com//company/2017/tacaof.html,7807
432,ポエック,https://www.ipokiso.com//company/2017/puequ.html,9264
433,サインポスト,https://www.ipokiso.com//company/2017/signpost1.html,3996
434,"シー・エス・
ランバー",https://www.ipokiso.com//company/2017/c-s-lumber.html,7808
435,Casa,https://www.ipokiso.com//company/2017/casa.html,7196
436,"カナディアン・
ソーラー・
インフラ投資法人",https://www.ipokiso.com//company/2017/canadian_solar.html,9284
437,SKIYAKI,https://www.ipokiso.com//company/2017/skiyaki.html,3995
438,"テンポ
イノベーション",https://www.ipokiso.com//company/2017/tenpo-r.html,3484
439,シルバーライフ,https://www.ipokiso.com//company/2017/silver-life.html,9262
440,MS&Consulting,https://www.ipokiso.com//company/2017/msandc.html,6555
441,大阪油化工業,https://www.ipokiso.com//company/2017/osaka-yuka.html,4124
442,ウェルビー,https://www.ipokiso.com//company/2017/welbe.html,6556
443,マネーフォワード,https://www.ipokiso.com//company/2017/moneyforward.html,3994
444,テックポイント,https://www.ipokiso.com//company/2017/techpointinc.html,6697
445,"西本Wismettac
ホールディングス",https://www.ipokiso.com//company/2017/wismettac.html,9260
446,"ロードスター
キャピタル",https://www.ipokiso.com//company/2017/loadstarcapital.html,3482
447,壽屋,https://www.ipokiso.com//company/2017/kotobukiya.html,7809
448,"PKSHA
Technology",https://www.ipokiso.com//company/2017/pkshatech.html,3993
449,ニーズウェル,https://www.ipokiso.com//company/2017/needswell.html,3992
450,"三菱地所物流
リート投資法人",https://www.ipokiso.com//company/2017/mitsubishi_lgistics_reit.html,3481
451,ウォンテッドリー,https://www.ipokiso.com//company/2017/wantedly.html,3991
452,エスユーエス,https://www.ipokiso.com//company/2017/sus-g.html,6554
453,ＵＵＵＭ,https://www.ipokiso.com//company/2017/uuum.html,3990
454,トランザス,https://www.ipokiso.com//company/2017/tranzas.html,6696
455,"シェアリング
テクノロジー",https://www.ipokiso.com//company/2017/sharing-tech.html,3989
456,"ジェイ・
エス・ビー",https://www.ipokiso.com//company/2017/jsb.html,3480
457,クロスフォー,https://www.ipokiso.com//company/2017/crossfor.html,7810
458,"ユニフォーム
ネクスト",https://www.ipokiso.com//company/2017/uniformnext.html,3566
459,ソウルドアウト,https://www.ipokiso.com//company/2017/sold-out.html,6553
460,GameWith,https://www.ipokiso.com//company/2017/gamewith.html,6552
461,"SYS
ホールディングス",https://www.ipokiso.com//company/2017/syshd.html,3988
462,"ツナグ・
ソリューションズ",https://www.ipokiso.com//company/2017/tsunagu.html,6551
463,Fringe81,https://www.ipokiso.com//company/2017/fringe81.html,6550
464,エコモット,https://www.ipokiso.com//company/2017/ecomott.html,3987
465,"ディーエム
ソリューションズ",https://www.ipokiso.com//company/2017/dm-s.html,6549
466,"ビーブレイク
システムズ",https://www.ipokiso.com//company/2017/bbreak.html,3986
467,アセンテック,https://www.ipokiso.com//company/2017/ascentech.html,3565
468,旅工房,https://www.ipokiso.com//company/2017/tabikobo.html,6548
469,LIXILビバ,https://www.ipokiso.com//company/2017/vivahome.html,3564
470,"ウェーブロック
ホールディングス",https://www.ipokiso.com//company/2017/wavelock.html,7940
471,テモナ,https://www.ipokiso.com//company/2017/temona.html,3985
472,ユーザーローカル,https://www.ipokiso.com//company/2017/userlocal.html,3984
473,"スシロー
グローバル
ホールディングス",https://www.ipokiso.com//company/2016/sushiroglobalholdings.html,3563
474,"日本再生可能
エネルギー
インフラ投資法人",https://www.ipokiso.com//company/2017/renewable_energy.html,9283
475,No.1,https://www.ipokiso.com//company/2017/number-1.html,3562
476,ズーム,https://www.ipokiso.com//company/2017/zoom.html,6694
477,ティーケーピー,https://www.ipokiso.com//company/2017/tkp.html,3479
478,ソレイジア・ファーマ,https://www.ipokiso.com//company/2017/solasia.html,4597
479,オロ,https://www.ipokiso.com//company/2017/oro.html,3983
480,グリーンズ,https://www.ipokiso.com//company/2017/greens.html,6547
481,マクロミル,https://www.ipokiso.com//company/2016/macromill.html,3978
482,フルテック,https://www.ipokiso.com//company/2017/fulltech.html,6546
483,エスキュービズム,https://www.ipokiso.com//company/2017/s-cubism.html,3982
484,"力の源
ホールディングス",https://www.ipokiso.com//company/2017/chikaranomoto.html,3561
485,"インターネット
インフィニティー",https://www.ipokiso.com//company/2017/iif.html,6545
486,ビーグリー,https://www.ipokiso.com//company/2017/beaglee.html,3981
487,"ジャパン
エレベーターサービス
ホールディングス",https://www.ipokiso.com//company/2017/jes24.html,6544
488,ほぼ日,https://www.ipokiso.com//company/2017/hobonichi.html,3560
489,うるる,https://www.ipokiso.com//company/2017/uluru.html,3979
490,ファイズ,https://www.ipokiso.com//company/2017/phyz.html,9325
491,ピーバンドットコム,https://www.ipokiso.com//company/2017/p-ban.html,3559
492,ロコンド,https://www.ipokiso.com//company/2017/locondo.html,3558
493,"ユナイテッド＆
コレクティブ",https://www.ipokiso.com//company/2017/united-collective.html,3557
494,レノバ,https://www.ipokiso.com//company/2017/renovainc.html,9519
495,フュージョン,https://www.ipokiso.com//company/2017/fusion.html,3977
496,日宣,https://www.ipokiso.com//company/2017/nissenad.html,6543
497,安江工務店,https://www.ipokiso.com//company/2017/yasue.html,1439
498,"森トラスト・
ホテルリート
投資法人",https://www.ipokiso.com//company/2017/moritrust.html,3478
499,シャノン,https://www.ipokiso.com//company/2017/shanon.html,3976
500,"じげん（3679）
",https://www.ipokiso.com/company/2013/zigexn.html,3679
501,リンク,https://www.ipokiso.com//company/2018/sinops.html,4428
502,"レオス・
キャピタルワークス",https://www.ipokiso.com//company/2018/rheos.html,7330
503,ベルトラ,https://www.ipokiso.com//company/2018/veltra.html,7048
504,EduLab,https://www.ipokiso.com//company/2018/edulab.html,4427
505,ポート,https://www.ipokiso.com//company/2018/theport.html,7047
506,テノ．ホールディングス,https://www.ipokiso.com//company/2018/teno.html,7037
507,"自律制御システム
研究所",https://www.ipokiso.com//company/2018/acsl.html,6232
508,Amazia,https://www.ipokiso.com//company/2018/amazia.html,4424
509,"AmidA
ホールディングス",https://www.ipokiso.com//company/2018/amida.html,7671
510,Kudan,https://www.ipokiso.com//company/2018/kudan.html,4425
511,ソフトバンク,https://www.ipokiso.com//company/2018/softbank.html,9434
512,"テクノスデータ
サイエンス・
エンジニアリング",https://www.ipokiso.com//company/2018/tdse.html,7046
513,田中建設工業,https://www.ipokiso.com//company/2018/tanaken.html,1450
514,ツクイスタッフ,https://www.ipokiso.com//company/2018/tsukui-staff.html,7045
515,グッドライフカンパニー,https://www.ipokiso.com//company/2018/goodlife.html,2970
516,オーウエル,https://www.ipokiso.com//company/2018/owell.html,7670
517,FUJIジャパン,https://www.ipokiso.com//company/2018/fujijapan.html,1449
518,"アルテリア・
ネットワークス",https://www.ipokiso.com//company/2018/arteria-net.html,4423
519,ピアラ,https://www.ipokiso.com//company/2018/piala.html,7044
520,アルー,https://www.ipokiso.com//company/2018/alue.html,7043
521,霞ヶ関キャピタル,https://www.ipokiso.com//company/2018/kasumigaseki.html,3498
522,"アクセスグループ・
ホールディングス",https://www.ipokiso.com//company/2018/access-t.html,7042
523,VALUENEX,https://www.ipokiso.com//company/2018/valuenex.html,4422
524,リーガル不動産,https://www.ipokiso.com//company/2018/legal-corp.html,3497
525,ディ・アイ・システム,https://www.ipokiso.com//company/2018/di-system.html,4421
526,ギフト,https://www.ipokiso.com//company/2018/gift.html,9279
527,プリントネット,https://www.ipokiso.com//company/2018/odahara.html,7805
528,イーソル,https://www.ipokiso.com//company/2018/esol.html,4420
529,Delta-Fly Pharma,https://www.ipokiso.com//company/2018/delta-flypharma.html,4598
530,CRGホールディングス,https://www.ipokiso.com//company/2018/crgh.html,7041
531,"ブリッジ
インターナショナル",https://www.ipokiso.com//company/2018/bridge.html,7039
532,ワールド,https://www.ipokiso.com//company/2018/world.html,3612
533,"フロンティア・
マネジメント",https://www.ipokiso.com//company/2018/frontier.html,7038
534,"東京インフラ・
エネルギー投資法人",https://www.ipokiso.com//company/2018/tokyo_infra.html,9285
535,極東産機,https://www.ipokiso.com//company/2018/kyokuto.html,6233
536,"SBIインシュアランス
グループ",https://www.ipokiso.com//company/2018/sbiig.html,7326
537,"ブロードバンド
セキュリティ",https://www.ipokiso.com//company/2018/bbsec.html,4398
538,"アイリック
コーポレーション",https://www.ipokiso.com//company/2018/irrc.html,7325
539,"イーエムネット
ジャパン",https://www.ipokiso.com//company/2018/emnet.html,7036
540,"テノ．
ホールディングス",https://www.ipokiso.com//company/2018/teno.html,7037
541,アズーム,https://www.ipokiso.com//company/2018/azoom.html,3496
542,香陵住販,https://www.ipokiso.com//company/2018/koryo.html,3495
543,マリオン,https://www.ipokiso.com//company/2018/mullion.html,3494
544,"伊藤忠アドバンス・
ロジスティクス
投資法人",https://www.ipokiso.com//company/2018/itochu_logistics.html,3493
545,"ナルミヤ・
インターナショナル",https://www.ipokiso.com//company/2018/narumiya.html,9275
546,and factory,https://www.ipokiso.com//company/2018/andfactory.html,7035
547,チームスピリット,https://www.ipokiso.com//company/2018/teamspirit.html,4397
548,システムサポート,https://www.ipokiso.com//company/2018/sts.html,4396
549,イボキン,https://www.ipokiso.com//company/2018/ibokin.html,5699
550,"タカラレーベン
不動産投資法人",https://www.ipokiso.com//company/2018/takaraleben.html,3492
551,プロレド・パートナーズ,https://www.ipokiso.com//company/2018/prored.html,7034
552,アクリート,https://www.ipokiso.com//company/2018/accrete.html,4395
553,エクスモーション,https://www.ipokiso.com//company/2018/exmotion.html,4394
554,GA technologies,https://www.ipokiso.com//company/2018/ga-tech.html,3491
555,"バンク・オブ・
イノベーション",https://www.ipokiso.com//company/2018/boi.html,4393
556,"マネジメント
ソリューションズ",https://www.ipokiso.com//company/2018/mgmtsol.html,7033
557,MTG,https://www.ipokiso.com//company/2018/mtg.html,7806
558,キャンディル,https://www.ipokiso.com//company/2018/candeal.html,1446
559,ロジザード,https://www.ipokiso.com//company/2018/logizard.html,4391
560,スプリックス,https://www.ipokiso.com//company/2018/sprix.html,7030
561,パデコ,https://www.ipokiso.com//company/2018/padeco.html,7032
562,インバウンドテック,https://www.ipokiso.com//company/2020/inboundtech.html,7031
563,IPS,https://www.ipokiso.com//company/2018/ipsism.html,4390
564,エーアイ,https://www.ipokiso.com//company/2018/ai-j.html,4388
565,"プロパティ
データバンク",https://www.ipokiso.com//company/2018/propertydbk.html,4389
566,国際紙パルプ商事,https://www.ipokiso.com//company/2018/kppc.html,9274
567,ライトアップ,https://www.ipokiso.com//company/2018/writeup.html,6580
568,ZUU,https://www.ipokiso.com//company/2018/zuu.html,4387
569,"コーア商事
ホールディングス",https://www.ipokiso.com//company/2018/koashoji.html,9273
570,SIG,https://www.ipokiso.com//company/2018/sig.html,4386
571,ログリー,https://www.ipokiso.com//company/2018/logly.html,6579
572,メルカリ,https://www.ipokiso.com//company/2015/mercari.html,4385
573,ラクスル,https://www.ipokiso.com//company/2015/raksul.html,4384
574,エヌリンクス,https://www.ipokiso.com//company/2018/n-links.html,6578
575,ベストワンドットコム,https://www.ipokiso.com//company/2018/best1cruise.html,6577
576,アイペット損害保険,https://www.ipokiso.com//company/2018/ipet-ins.html,7323
577,HEROZ,https://www.ipokiso.com//company/2018/heroz.html,4382
578,コンヴァノ,https://www.ipokiso.com//company/2018/convano.html,6574
579,"ヒューマン・
アソシエイツ・
ホールディングス",https://www.ipokiso.com//company/2018/humanassociates.html,6575
580,ビープラッツ,https://www.ipokiso.com//company/2018/bplats.html,4381
581,ブティックス,https://www.ipokiso.com//company/2018/btix.html,9272
582,日本リビング保証,https://www.ipokiso.com//company/2018/jlw.html,7320
583,和心,https://www.ipokiso.com//company/2018/wagokoro.html,9271
584,アズ企画設計,https://www.ipokiso.com//company/2018/azplan.html,3490
585,アジャイルメディア・ネットワーク,https://www.ipokiso.com//company/2018/agilemedia.html,6573
586,RPAホールディングス,https://www.ipokiso.com//company/2018/rpa.html,6572
587,"キュービーネット
ホールディングス",https://www.ipokiso.com//company/2018/qbnet.html,6571
588,ファイバーゲート,https://www.ipokiso.com//company/2018/fibergate.html,9450
589,SOU,https://www.ipokiso.com//company/2018/sou.html,9270
590,信和,https://www.ipokiso.com//company/2018/shinwa-jp.html,3447
591,共和コーポレーション,https://www.ipokiso.com//company/2018/kyowa-corp.html,6570
592,フェイスネットワーク,https://www.ipokiso.com//company/2018/faithnetwork.html,3489
593,日総工産,https://www.ipokiso.com//company/2018/nisso.html,6569
594,神戸天然物化学,https://www.ipokiso.com//company/2018/kncweb.html,6568
595,SERIOホールディングス,https://www.ipokiso.com//company/2018/serio-corp.html,6567
596,"ジェイテック
コーポレーション",https://www.ipokiso.com//company/2018/j-tec.html,3446
597,Mマート,https://www.ipokiso.com//company/2018/m-mart.html,4380
598,"ザイマックス・
リート投資法人",https://www.ipokiso.com//company/2018/zaimax_reit.html,3488
599,世紀,https://www.ipokiso.com//company/2018/seiki.html,6234
600,"CREロジスティクス
ファンド投資法人",https://www.ipokiso.com//company/2018/cre_logistic.html,3487
601,スポーツフィールド,https://www.ipokiso.com//company/2019/sports-f.html,7080
602,WDBココ,https://www.ipokiso.com//company/2019/wdbcoco.html,7079
603,AI inside,https://www.ipokiso.com//company/2019/inside.html,4488
604,"global bridge
HOLDINGS",https://www.ipokiso.com//company/2019/globalbridge-hd.html,6557
605,カクヤス,https://www.ipokiso.com//company/2019/kakuyasu.html,7686
606,スペースマーケット,https://www.ipokiso.com//company/2019/spacemarket.html,4487
607,ファンペップ,https://www.ipokiso.com//company/2020/funpep.html,4881
608,INCLUSIVE,https://www.ipokiso.com//company/2019/inclusive.html,7078
609,"SRE
ホールディングス",https://www.ipokiso.com//company/2019/sre-group.html,2980
610,ランディックス,https://www.ipokiso.com//company/2019/landix.html,2981
611,JTOWER,https://www.ipokiso.com//company/2019/jtower.html,4485
612,ユナイトアンドグロウ,https://www.ipokiso.com//company/2019/ug-inc.html,4486
613,"BuySell
Technologies",https://www.ipokiso.com//company/2019/buysell-technologies.html,7685
614,フリー,https://www.ipokiso.com//company/2019/freee.html,4478
615,ウィルズ,https://www.ipokiso.com//company/2019/wills-net.html,4482
616,ベース,https://www.ipokiso.com//company/2019/basenet.html,4481
617,JMDC,https://www.ipokiso.com//company/2019/jmdc.html,4483
618,ランサーズ,https://www.ipokiso.com//company/2019/lancers.html,4484
619,メドレー,https://www.ipokiso.com//company/2019/medley.html,4480
620,マクアケ,https://www.ipokiso.com//company/2019/makuake.html,4479
621,テクノフレックス,https://www.ipokiso.com//company/2019/technoflex.html,3449
622,ALiNKインターネット,https://www.ipokiso.com//company/2019/alink.html,7077
623,"SOSiLA
物流リート投資法人",https://www.ipokiso.com//company/2019/soshila_reit.html,2979
624,名南M&A,https://www.ipokiso.com//company/2019/meinan-ma.html,7076
625,"トゥエンティー
フォーセブン",https://www.ipokiso.com//company/2019/247group.html,7074
626,ダブルエー,https://www.ipokiso.com//company/2019/wa-jp.html,7683
627,恵和,https://www.ipokiso.com//company/2019/keiwa.html,4251
628,ジェイック,https://www.ipokiso.com//company/2019/jaic-g.html,7073
629,セルソース,https://www.ipokiso.com//company/2019/cellsource.html,4880
630,BASE,https://www.ipokiso.com//company/2019/binc.html,4477
631,"インティメート・
マージャー",https://www.ipokiso.com//company/2019/intimatemerger.html,7072
632,ワシントンホテル,https://www.ipokiso.com//company/2019/washingtonhotel.html,4691
633,浜木綿,https://www.ipokiso.com//company/2019/hamayuu.html,7682
634,"アンビス
ホールディングス",https://www.ipokiso.com//company/2019/amvis.html,7071
635,AI CROSS,https://www.ipokiso.com//company/2019/aicross.html,4476
636,HENNGE,https://www.ipokiso.com//company/2019/hennge.html,4475
637,レオクラン,https://www.ipokiso.com//company/2019/leoclan.html,7681
638,"パワー
ソリューションズ",https://www.ipokiso.com//company/2019/powersolutions.html,4450
639,HPCシステムズ,https://www.ipokiso.com//company/2019/hpc.html,6597
640,Chatwork,https://www.ipokiso.com//company/2019/chatwork.html,4448
641,ギフティ,https://www.ipokiso.com//company/2019/giftee.html,4449
642,サイバー・バズ,https://www.ipokiso.com//company/2019/cyberbuzz.html,7069
643,アミファ,https://www.ipokiso.com//company/2019/amifa.html,7800
644,"ピー・
ビーシステムズ",https://www.ipokiso.com//company/2019/pbsystems.html,4447
645,ステムリム,https://www.ipokiso.com//company/2019/stemrim.html,4599
646,ツクルバ,https://www.ipokiso.com//company/2019/tsukuruba.html,2978
647,ブシロード,https://www.ipokiso.com//company/2019/bushiroad.html,7803
648,ビーアンドピー,https://www.ipokiso.com//company/2019/bandp.html,7804
649,Link-U,https://www.ipokiso.com//company/2019/link-u.html,4446
650,フィードフォース,https://www.ipokiso.com//company/2019/feedforce.html,7068
651,"リビン・
テクノロジーズ",https://www.ipokiso.com//company/2019/lvn.html,4445
652,あさくま,https://www.ipokiso.com//company/2019/asakuma.html,7678
653,新日本製薬,https://www.ipokiso.com//company/2019/shinnihonseiyaku.html,4931
654,ヤシマキザイ,https://www.ipokiso.com//company/2019/yashima.html,7677
655,インフォネット,https://www.ipokiso.com//company/2019/e-infonet.html,4444
656,"ブランディング
テクノロジー",https://www.ipokiso.com//company/2019/branding.html,7067
657,ピアズ,https://www.ipokiso.com//company/2019/peers.html,7066
658,Sansan,https://www.ipokiso.com//company/2019/sansan.html,4443
659,日本グランデ,https://www.ipokiso.com//company/2019/nippon-grande.html,2976
660,ユーピーアール,https://www.ipokiso.com//company/2019/upr.html,7065
661,大英産業,https://www.ipokiso.com//company/2019/daieisangyo.html,2974
662,バルテス,https://www.ipokiso.com//company/2019/valtes.html,4442
663,トビラシステムズ,https://www.ipokiso.com//company/2019/tobila.html,4441
664,グッドスピード,https://www.ipokiso.com//company/2019/goodspeed.html,7676
665,ハウテレビジョン,https://www.ipokiso.com//company/2019/howtelevision.html,7064
666,ヴィッツ,https://www.ipokiso.com//company/2019/witz.html,4440
667,東名,https://www.ipokiso.com//company/2019/toumei.html,4439
668,Welby,https://www.ipokiso.com//company/2019/welby.html,4438
669,エードット,https://www.ipokiso.com//company/2019/a-dot.html,7063
670,NATTY SWANKY,https://www.ipokiso.com//company/2019/nattyswanky.html,7674
671,フレアス,https://www.ipokiso.com//company/2019/fureasu.html,7062
672,"日本ホスピス
ホールディングス",https://www.ipokiso.com//company/2019/jhospice.html,7061
673,"gooddays
ホールディングス",https://www.ipokiso.com//company/2019/gooddays.html,4437
674,ギークス,https://www.ipokiso.com//company/2019/geechs.html,7060
675,"コプロ・
ホールディングス",https://www.ipokiso.com//company/2019/copro-h.html,7059
676,"ミンカブ・ジ・
インフォノイド",https://www.ipokiso.com//company/2019/minkabu.html,4436
677,KHC,https://www.ipokiso.com//company/2019/khc-ltd.html,1451
678,"共栄セキュリティー
サービス",https://www.ipokiso.com//company/2019/kyoei-ss.html,7058
679,カオナビ,https://www.ipokiso.com//company/2019/kaonavi.html,4435
680,エヌ・シー・エヌ,https://www.ipokiso.com//company/2019/ncn-se.html,7057
681,サーバーワークス,https://www.ipokiso.com//company/2019/serverworks.html,4434
682,ウイングアーク1st,https://www.ipokiso.com//company/2021/wingarc.html,4432
683,"サンケイ
リアルエステート
投資法人",https://www.ipokiso.com//company/2019/sankei_reat.html,2972
684,ダイコー通産,https://www.ipokiso.com//company/2019/daiko-tsusan.html,7673
685,日本国土開発,https://www.ipokiso.com//company/2019/n-kokudo.html,1887
686,スマレジ,https://www.ipokiso.com//company/2019/smaregi.html,4431
687,"フロンティア
インターナショナル",https://www.ipokiso.com//company/2019/frontier-i.html,7050
688,東海ソフト,https://www.ipokiso.com//company/2019/tokai-soft.html,4430
689,リックソフト,https://www.ipokiso.com//company/2019/ricksoft.html,4429
690,識学,https://www.ipokiso.com//company/2019/shikigaku.html,7049
691,"エスコンジャパン
リート投資法人",https://www.ipokiso.com//company/2019/escojapanreat.html,2971
692,"エネクス・インフラ
投資法人",https://www.ipokiso.com//company/2019/enexinfra.html,9286
693,オンデック,https://www.ipokiso.com//company/2020/ondeck.html,7360
694,クリングルファーマ,https://www.ipokiso.com//company/2020/kringle-pharma.html,4884
695,SANEI,https://www.ipokiso.com//company/2020/sanei.html,6230
696,東和ハイシステム,https://www.ipokiso.com//company/2020/towa-hi-sys.html,4172
697,東京通信,https://www.ipokiso.com//company/2020/tokyo-tsushin.html,7359
698,グローバルインフォメーション,https://www.ipokiso.com//company/2020/gii.html,4171
699,交換できるくん,https://www.ipokiso.com//company/2020/dekirukun.html,7695
700,ENECHANGE,https://www.ipokiso.com//company/2020/enechange.html,4169
701,Kaizen Platform,https://www.ipokiso.com//company/2020/kaizenplatform.html,4170
702,ウェルスナビ,https://www.ipokiso.com//company/2020/wealthnavi.html,7342
703,ヤプリ,https://www.ipokiso.com//company/2020/yappli.html,4168
704,ポピンズホールディングス,https://www.ipokiso.com//company/2020/poppins.html,7358
705,いつも,https://www.ipokiso.com//company/2020/itsumo365.html,7694
706,ココペリ,https://www.ipokiso.com//company/2020/kokopelli.html,4167
707,かっこ,https://www.ipokiso.com//company/2020/cacco.html,4166
708,オーケーエム,https://www.ipokiso.com//company/2020/okm.html,6229
709,リベルタ,https://www.ipokiso.com//company/2020/liberta.html,4935
710,ビートレンド,https://www.ipokiso.com//company/2020/betrend.html,4020
711,プレイド,https://www.ipokiso.com//company/2020/plaid.html,4165
712,ローランド,https://www.ipokiso.com//company/2020/roland.html,7944
713,バルミューダ,https://www.ipokiso.com//company/2020/balmuda.html,6612
714,Fast FitnessJapan,https://www.ipokiso.com//company/2020/fastfitnessjapan.html,7092
715,スタメン,https://www.ipokiso.com//company/2020/stmn.html,4019
716,ビーイングホールディングス,https://www.ipokiso.com//company/2020/being-group.html,9145
717,バリオセキュア,https://www.ipokiso.com//company/2020/variosecure.html,4494
718,クリーマ,https://www.ipokiso.com//company/2020/creema.html,4017
719,ジオコード,https://www.ipokiso.com//company/2020/geo-code.html,7357
720,MITホールディングス,https://www.ipokiso.com//company/2020/mit-hd.html,4016
721,アララ,https://www.ipokiso.com//company/2020/arara.html,4015
722,Retty,https://www.ipokiso.com//company/2020/retty.html,7356
723,さくらさくプラス,https://www.ipokiso.com//company/2020/sakurasakuplus.html,7097
724,プレミアアンチエイジング,https://www.ipokiso.com//company/2020/p-antiaging.html,4934
725,カラダノート,https://www.ipokiso.com//company/2020/karadanote.html,4014
726,アースインフィニティ,https://www.ipokiso.com//company/2020/earth-infinity.html,7692
727,日通システム,https://www.ipokiso.com//company/2020/nittsusystem.html,4013
728,キオクシアホールディングス,https://www.ipokiso.com//company/2020/kioxia.html,6600
729,ダイレクトマーケティングミックス,https://www.ipokiso.com//company/2020/dmix.html,7354
730,タスキ,https://www.ipokiso.com//company/2020/tasukicorp.html,2987
731,アクシス,https://www.ipokiso.com//company/2020/axis-net.html,4012
732,ヘッドウォータース,https://www.ipokiso.com//company/2020/headwaters.html,4011
733,rakumo,https://www.ipokiso.com//company/2020/rakumo.html,4060
734,I-ne,https://www.ipokiso.com//company/2020/i-ne.html,4933
735,STIフードホールディングス,https://www.ipokiso.com//company/2020/shintokyo.html,2932
736,まぐまぐ,https://www.ipokiso.com//company/2020/mag2.html,4059
737,トヨクモ,https://www.ipokiso.com//company/2020/toyokumo.html,4058
738,雪国まいたけ,https://www.ipokiso.com//company/2020/maitake.html,1375
739,インターファクトリー,https://www.ipokiso.com//company/2020/interfactory.html,4057
740,ニューラルポケット,https://www.ipokiso.com//company/2020/neuralpocket.html,4056
741,ティアンドエス,https://www.ipokiso.com//company/2020/tecsvc.html,4055
742,モダリス,https://www.ipokiso.com//company/2020/modalistx.html,4883
743,Sun Asterisk,https://www.ipokiso.com//company/2020/sun-asterisk.html,4053
744,日本情報クリエイト,https://www.ipokiso.com//company/2020/n-create.html,4054
745,KIYOラーニング,https://www.ipokiso.com//company/2020/kiyo-learning.html,7353
746,GMOフィナンシャルゲート,https://www.ipokiso.com//company/2020/gmo-fg.html,4051
747,アイキューブドシステムズ,https://www.ipokiso.com//company/2020/i3-systems.html,4495
748,Speee,https://www.ipokiso.com//company/2020/speee.html,4499
749,BrandingEngineer,https://www.ipokiso.com//company/2020/b-engineer.html,7352
750,グッドパッチ,https://www.ipokiso.com//company/2020/goodpatch.html,7351
751,エブレン,https://www.ipokiso.com//company/2020/ebrain.html,6599
752,コマースOneホールディングス,https://www.ipokiso.com//company/2020/cm-one.html,4496
753,フィーチャ,https://www.ipokiso.com//company/2020/ficha.html,4052
754,ロコガイド,https://www.ipokiso.com//company/2020/locoguide.html,4497
755,コパ・コーポレーション,https://www.ipokiso.com//company/2020/copa.html,7689
756,ヤマイチエステート,https://www.ipokiso.com//company/2020/yg801.html,2984
757,スマート・ソリューション・テクノロジー,https://www.ipokiso.com//company/2020/sstinc.html,6598
758,アールプランナー,https://www.ipokiso.com//company/2021/arrplanner.html,2983
759,サイバートラスト,https://www.ipokiso.com//company/2021/cybertrust.html,4498
760,ステムセル研究所,https://www.ipokiso.com//company/2021/stemcell.html,7096
761,アルマード,https://www.ipokiso.com//company/2021/almado.html,4932
762,松屋アールアンドディ,https://www.ipokiso.com//company/2020/matsuyard.html,7317
763,Macbee Planet,https://www.ipokiso.com//company/2020/macbee-planet.html,7095
764,NexTone,https://www.ipokiso.com//company/2020/nex-tone.html,7094
765,ニッソウ,https://www.ipokiso.com//company/2020/nisso.html,1444
766,サイバーセキュリティクラウド,https://www.ipokiso.com//company/2020/cscloud.html,4493
767,アディッシュ,https://www.ipokiso.com//company/2020/adish.html,7093
768,ヴィス ,https://www.ipokiso.com//company/2020/vis.html,5071
769,ペルセウスプロテオミクス,https://www.ipokiso.com//company/2021/ppmx.html,4882
770,リバーホールディングス,https://www.ipokiso.com//company/2020/re-ver.html,5690
771,日本インシュレーション,https://www.ipokiso.com//company/2020/jic-bestork.html,5368
772,関通,https://www.ipokiso.com//company/2020/kantsu.html,9326
773,ゼネテック,https://www.ipokiso.com//company/2020/genetec.html,4492
774,ドラフト,https://www.ipokiso.com//company/2020/draft.html,5070
775,リビングプラットフォーム,https://www.ipokiso.com//company/2020/living-platform.html,7091
776,ミアヘルサ,https://www.ipokiso.com//company/2020/merhalsa.html,7688
777,ミクリード,https://www.ipokiso.com//company/2020/micreed.html,7687
778,リグア,https://www.ipokiso.com//company/2020/ligua.html,7090
779,木村工機,https://www.ipokiso.com//company/2020/kimukoh.html,6231
780,フォースタートアップス,https://www.ipokiso.com//company/2020/forstartups.html,7089
781,コンピューターマネージメント,https://www.ipokiso.com//company/2020/cmknet.html,4491
782,ビザスク,https://www.ipokiso.com//company/2020/visasq.html,4490
783,フォーラムエンジニアリング,https://www.ipokiso.com//company/2020/forumeng.html,7088
784,ウイルテック,https://www.ipokiso.com//company/2020/willtec.html,7087
785,きずなホールディングス,https://www.ipokiso.com//company/2020/kizuna.html,7086
786,Kids SmileHoldings,https://www.ipokiso.com//company/2020/kidssmile.html,7084
787,カーブスホールディングス,https://www.ipokiso.com//company/2020/curvesholdings.html,7085
788,AHCグループ,https://www.ipokiso.com//company/2020/ahc.html,7083
789,ジャパン・インフラファンド投資法人,https://www.ipokiso.com//company/2020/japan_infra.html,9287
790,ジモティー,https://www.ipokiso.com//company/2020/jmty.html,7082
791,コーユーレンティア,https://www.ipokiso.com//company/2020/koyou.html,7081
792,Institution for a Global Society,https://www.ipokiso.com//company/2021/i-globalsociety.html,4265
793,セキュア,https://www.ipokiso.com//company/2021/secureinc.html,4264
794,アジアクエスト,https://www.ipokiso.com//company/2021/asia-quest.html,4261
795,長栄,https://www.ipokiso.com//company/2021/choei.html,2993
796,CS-C,https://www.ipokiso.com//company/2021/cs-c.html,9258
797,サスメド,https://www.ipokiso.com//company/2021/susmed.html,4263
798,エフ・コード,https://www.ipokiso.com//company/2021/f-code.html,9211
799,タカヨシ,https://www.ipokiso.com//company/2021/takayoshi.html,9259
800,ニフティライフスタイル,https://www.ipokiso.com//company/2021/niftylifestyle.html,4262
801,Green Earth Institute,https://www.ipokiso.com//company/2021/gei.html,9212
802,エクサウィザーズ,https://www.ipokiso.com//company/2021/exawizards.html,4259
803,ZEALS,https://www.ipokiso.com//company/2021/zeals.html,9255
804,三和油化工業,https://www.ipokiso.com//company/2021/sanwayuka.html,4125
805,ハイブリッドテクノロジーズ,https://www.ipokiso.com//company/2021/hybrid-technologies.html,4260
806,クルーバー,https://www.ipokiso.com//company/2021/croooober.html,7134
807,網屋,https://www.ipokiso.com//company/2021/amiya.html,4258
808,サクシード,https://www.ipokiso.com//company/2021/succeed.html,9256
809,リニューアブル・ジャパン,https://www.ipokiso.com//company/2021/rn-j.html,9522
810,Finatextホールディングス,https://www.ipokiso.com//company/2021/finatext.html,4419
811,THECOO,https://www.ipokiso.com//company/2021/thecoo.html,4255
812,サインド,https://www.ipokiso.com//company/2021/cynd.html,4256
813,ラバブルマーケティンググループ,https://www.ipokiso.com//company/2021/lmg.html,9254
814,ライフドリンク　カンパニー,https://www.ipokiso.com//company/2021/ld-company.html,2585
815,湖北工業,https://www.ipokiso.com//company/2021/kohokukogyo.html,6524
816,YCPホールディングス（グローバル）リミテッド,https://www.ipokiso.com//company/2021/ycp.html,9257
817,グローバルセキュリティエキスパート,https://www.ipokiso.com//company/2021/gsx.html,4417
818,JDSC,https://www.ipokiso.com//company/2021/jdsc.html,4418
819,HYUGA PRIMARY CARE,https://www.ipokiso.com//company/2021/hyuga-primary.html,7133
820,True Data,https://www.ipokiso.com//company/2021/truedata.html,4416
821,ブロードエンタープライズ,https://www.ipokiso.com//company/2021/broad-e.html,4415
822,ネットプロテクションズホールディングス,https://www.ipokiso.com//company/2021/netprotections.html,7383
823,フレクト,https://www.ipokiso.com//company/2021/flect.html,4414
824,のむら産業,https://www.ipokiso.com//company/2021/nomurasangyo.html,7131
825,ボードルア,https://www.ipokiso.com//company/2021/baudroie.html,4413
826,スローガン,https://www.ipokiso.com//company/2021/slogan.html,9253
827,ラストワンマイル,https://www.ipokiso.com//company/2021/lomgrp.html,9252
828,サイエンスアーツ,https://www.ipokiso.com//company/2021/buddycom.html,4412
829,AB&Company,https://www.ipokiso.com//company/2021/ab-company.html,9251
830,GRCS,https://www.ipokiso.com//company/2021/grcs.html,9250
831,日本調理機,https://www.ipokiso.com//company/2021/nitcho.html,2961
832,Photosynth,https://www.ipokiso.com//company/2021/photosynth.html,4379
833,フロンティア,https://www.ipokiso.com//company/2021/frontier.html,4250
834,CINC,https://www.ipokiso.com//company/2021/cinc.html,4378
835,PHCホールディングス,https://www.ipokiso.com//company/2021/phchd.html,6523
836,日本エコシステム,https://www.ipokiso.com//company/2021/jp-eco.html,9249
837,ワンキャリア,https://www.ipokiso.com//company/2021/onecareer.html,4377
838,アスタリスク,https://www.ipokiso.com//company/2021/asx.html,6522
839,セーフィー,https://www.ipokiso.com//company/2021/safie.html,4375
840,プロジェクトカンパニー,https://www.ipokiso.com//company/2021/projectcompany.html,9246
841,リベロ,https://www.ipokiso.com//company/2021/livero.html,9245
842,ROBOT PAYMENT,https://www.ipokiso.com//company/2021/robotpayment.html,4374
843,デジタリフト,https://www.ipokiso.com//company/2021/digitalift.html,9244
844,ジィ・シィ企画,https://www.ipokiso.com//company/2021/gck.html,4073
845,レナサイエンス,https://www.ipokiso.com//company/2021/renascience.html,4889
846,シンプレクス・ホールディングス,https://www.ipokiso.com//company/2021/simplex.html,4373
847,コアコンセプト・テクノロジー,https://www.ipokiso.com//company/2021/cct.html,4371
848,ユミルリンク,https://www.ipokiso.com//company/2021/ymir.html,4372
849,GeolocationTechnology,https://www.ipokiso.com//company/2021/geolocation.html,4018
850,メディア総研,https://www.ipokiso.com//company/2021/mediasouken.html,9242
851,モビルス,https://www.ipokiso.com//company/2021/mobilus.html,4370
852,ジェイフロンティア,https://www.ipokiso.com//company/2021/jfrontier.html,2934
853,タンゴヤ,https://www.ipokiso.com//company/2021/tangoya.html,7126
854,シイエヌエス,https://www.ipokiso.com//company/2021/cns.html,4076
855,フューチャーリンクネットワーク,https://www.ipokiso.com//company/2021/futurelink.html,9241
856,AIメカテック,https://www.ipokiso.com//company/2021/ai-mech.html,6227
857,デリバリーコンサルティング,https://www.ipokiso.com//company/2021/deliv.html,9240
858,ブレインズテクノロジー,https://www.ipokiso.com//company/2021/brains-tech.html,4075
859,サーキュレーション,https://www.ipokiso.com//company/2021/circu.html,7379
860,ランドネット,https://www.ipokiso.com//company/2021/landnet.html,2991
861,アシロ,https://www.ipokiso.com//company/2021/asiro.html,7378
862,ラキール,https://www.ipokiso.com//company/2021/lakeel.html,4074
863,コラントッテ,https://www.ipokiso.com//company/2021/colantotte.html,7792
864,BCC,https://www.ipokiso.com//company/2021/e-bcc.html,7376
865,プラスアルファ・コンサルティング,https://www.ipokiso.com//company/2021/pa-consul.html,4071
866,Waqoo,https://www.ipokiso.com//company/2021/waqoo.html,4937
867,BlueMeme,https://www.ipokiso.com//company/2021/bluememe.html,4069
868,リヴァンプ,https://www.ipokiso.com//company/2021/revamp.html,4070
869,オムニ・プラス・システム・リミテッド,https://www.ipokiso.com//company/2021/omniplussystem.html,7699
870,コンフィデンス,https://www.ipokiso.com//company/2021/confidence.html,7374
871,日本電解,https://www.ipokiso.com//company/2021/nippon-denkai.html,5759
872,HCSホールディングス,https://www.ipokiso.com//company/2021/hcs-hd.html,4200
873,ベイシス,https://www.ipokiso.com//company/2021/basis-corp.html,4068
874,セレンディップ・ホールディングス,https://www.ipokiso.com//company/2021/serendip-c.html,7318
875,アイ・パートナーズフィナンシャル,https://www.ipokiso.com//company/2021/aipf.html,7345
876,アイドマ・ホールディングス,https://www.ipokiso.com//company/2021/aidma-hd.html,7373
877,ドリームベッド,https://www.ipokiso.com//company/2021/dreambed.html,7791
878,デコルテ・ホールディングス,https://www.ipokiso.com//company/2021/decollte.html,7372
879,東海道リート投資法人,https://www.ipokiso.com//company/2021/toukaidou_reit.html,2989
880,ペイロール,https://www.ipokiso.com//company/2021/payroll.html,4489
881,Enjin,https://www.ipokiso.com//company/2021/y-enjin.html,7370
882,全研本社,https://www.ipokiso.com//company/2021/zenken.html,7371
883,テンダ,https://www.ipokiso.com//company/2021/tenda.html,4198
884,ワンダープラネット,https://www.ipokiso.com//company/2021/wonderpla.html,4199
885,メイホーホールディングス,https://www.ipokiso.com//company/2021/meihoholdings.html,7369
886,テスホールディングス,https://www.ipokiso.com//company/2021/tess-hd.html,5074
887,ディマージシェア,https://www.ipokiso.com//company/2021/dimage.html,4195
888,ネオマーケティング,https://www.ipokiso.com//company/2021/neo-m.html,4196
889,ステラファーマ,https://www.ipokiso.com//company/2021/stella-pharma.html,4888
890,ビジョナル,https://www.ipokiso.com//company/2021/visional.html,4194
891,紀文食品,https://www.ipokiso.com//company/2021/kibun.html,2933
892,アイスコ,https://www.ipokiso.com//company/2021/iceco.html,7698
893,ファブリカコミュニケーションズ,https://www.ipokiso.com//company/2021/fabrica.html,4193
894,表示灯,https://www.ipokiso.com//company/2021/hyojito.html,7368
895,セルム,https://www.ipokiso.com//company/2021/celm.html,7367
896,オキサイド,https://www.ipokiso.com//company/2021/oxide.html,6521
897,Appier Group,https://www.ipokiso.com//company/2021/appier.html,4180
898,スパイダープラス,https://www.ipokiso.com//company/2021/spiderplus.html,4192
899,ブロードマインド,https://www.ipokiso.com//company/2021/b-minded.html,7343
900,イー・ロジット,https://www.ipokiso.com//company/2021/e-logit.html,9327
901,ジーネクスト,https://www.ipokiso.com//company/2021/gnext.html,4179
902,ベビーカレンダー,https://www.ipokiso.com//company/2021/baby-calendar.html,7363
903,Sharing Innovations,https://www.ipokiso.com//company/2021/sharing-innovations.html,4178
904,シキノハイテック,https://www.ipokiso.com//company/2021/shikino.html,6614
905,ココナラ,https://www.ipokiso.com//company/2021/coconala.html,4176
906,T.S.I,https://www.ipokiso.com//company/2021/t-s-i.html,7362
907,i-plug,https://www.ipokiso.com//company/2021/i-plug.html,4177
908,ヒューマンクリエイションホールディングス,https://www.ipokiso.com//company/2021/hch-ja.html,7361
909,coly[コリー],https://www.ipokiso.com//company/2021/colyinc.html,4175
910,室町ケミカル,https://www.ipokiso.com//company/2021/muro-chem.html,4885
911,アピリッツ,https://www.ipokiso.com//company/2021/appirits.html,4174
912,WACUL[ワカル],https://www.ipokiso.com//company/2021/wacul.html,4173
913,アクシージア,https://www.ipokiso.com//company/2021/axxzia.html,4936
914,QDレーザ,https://www.ipokiso.com//company/2021/qdlaser.html,6613
915,スマサポ,https://www.ipokiso.com//company/2022/sumasapo.html,9342
916,ELEMENTS,https://www.ipokiso.com//company/2022/elementsinc.html,5246
917,BTM,https://www.ipokiso.com//company/2022/b-tm.html,5247
918,アルファパーチェス,https://www.ipokiso.com//company/2022/alphapurchase.html,7115
919,ダイワ通信,https://www.ipokiso.com//company/2022/daiwawa.html,7116
920,アップコン,https://www.ipokiso.com//company/2022/upcon.html,5075
921,アソインターナショナル,https://www.ipokiso.com//company/2022/aso-inter.html,9340
922,GENOVA,https://www.ipokiso.com//company/2022/genova.html,9341
923,エージェント・インシュアランス・グループ,https://www.ipokiso.com//company/2022/a-gent.html,5836
924,jig.jp,https://www.ipokiso.com//company/2022/jig.html,5244
925,コーチ・エィ,https://www.ipokiso.com//company/2022/coacha.html,9339
926,サンクゼール,https://www.ipokiso.com//company/2022/stcousair.html,2937
927,アイズ,https://www.ipokiso.com//company/2022/eyez.html,5242
928,note,https://www.ipokiso.com//company/2022/note.html,5243
929,monoAItechnology,https://www.ipokiso.com//company/2022/monoai.html,5240
930,INFORICH,https://www.ipokiso.com//company/2022/inforich.html,9338
931,トリドリ,https://www.ipokiso.com//company/2022/toridori.html,9337
932,フーディソン,https://www.ipokiso.com//company/2022/foodison.html,7114
933,オープンワーク,https://www.ipokiso.com//company/2022/openwork.html,5139
934,Rebase,https://www.ipokiso.com//company/2022/rebase.html,5138
935,AnyMind Group,https://www.ipokiso.com//company/2022/anymindgroup.html,5027
936,スマートドライブ,https://www.ipokiso.com//company/2022/smartdrive.html,5137
937,スカイマーク,https://www.ipokiso.com//company/2022/skymark.html,9204
938,大栄環境,https://www.ipokiso.com//company/2022/dinsgr.html,9336
939,propertytechnologies,https://www.ipokiso.com//company/2022/pptc.html,5527
940,サイフューズ,https://www.ipokiso.com//company/2022/cyfusebio.html,4892
941,ウェルプレイド・ライゼスト,https://www.ipokiso.com//company/2022/wellplayed-rizest.html,9565
942,tripla,https://www.ipokiso.com//company/2022/tripla.html,5136
943,ティムス,https://www.ipokiso.com//company/2022/tms-japan.html,4891
944,ベースフード,https://www.ipokiso.com//company/2022/basefood.html,2936
945,POPER,https://www.ipokiso.com//company/2022/poper.html,5134
946,pluszero,https://www.ipokiso.com//company/2022/plus-zero.html,5132
947,FCE Holdings,https://www.ipokiso.com//company/2022/fce-hd.html,9564
948,リンカーズ,https://www.ipokiso.com//company/2022/corp_linkers.html,5131
949,AtlasTechnologies,https://www.ipokiso.com//company/2022/atlstech.html,9563
950,ビジネスコーチ,https://www.ipokiso.com//company/2022/businesscoach.html,9562
951,SBIリーシングサービス,https://www.ipokiso.com//company/2022/sbils.html,5834
952,ソシオネクスト,https://www.ipokiso.com//company/2022/socionext.html,6526
953,キューブ,https://www.ipokiso.com//company/2022/cube.html,7112
954,FIXER,https://www.ipokiso.com//company/2022/fixer.html,5129
955,グッピーズ,https://www.ipokiso.com//company/2022/guppy.html,5127
956,プログリット,https://www.ipokiso.com//company/2022/progrit.html,9560
957,ポーターズ,https://www.ipokiso.com//company/2022/porters.html,5126
958,グラッドキューブ,https://www.ipokiso.com//company/2022/glad-cube.html,9561
959,ファインズ,https://www.ipokiso.com//company/2022/e-tenki.html,5125
960,キットアライブ,https://www.ipokiso.com//company/2022/kitalive.html,5039
961,FPパートナー,https://www.ipokiso.com//company/2022/fpp.html,7388
962,eWeLL,https://www.ipokiso.com//company/2022/ewell.html,5038
963,ジャパニアス,https://www.ipokiso.com//company/2022/jna.html,9558
964,クラシコム,https://www.ipokiso.com//company/2022/kurashi.html,7110
965,日本ビジネスシステムズ,https://www.ipokiso.com//company/2022/jbs.html,5036
966,エアークローゼット,https://www.ipokiso.com//company/2022/air-closet.html,9557
967,unerry,https://www.ipokiso.com//company/2022/unerry.html,5034
968,HOUSEI,https://www.ipokiso.com//company/2022/housei.html,5035
969,INTLOOP,https://www.ipokiso.com//company/2022/intloop.html,9556
970,AViC,https://www.ipokiso.com//company/2022/avic.html,9554
971,マイクロアド,https://www.ipokiso.com//company/2022/microad.html,9553
972,ヌーラボ,https://www.ipokiso.com//company/2022/nulab.html,5033
973,M&A総合研究所,https://www.ipokiso.com//company/2022/masouken.html,9552
974,サンウェルズ,https://www.ipokiso.com//company/2022/sunwels.html,9229
975,イーディーピー,https://www.ipokiso.com//company/2022/d-edp.html,7794
976,マイクロ波化学,https://www.ipokiso.com//company/2022/mwcc.html,9227
977,坪田ラボ,https://www.ipokiso.com//company/2022/tsubota-lab.html,4890
978,ウェルネス・コミュニケーションズ,https://www.ipokiso.com//company/2022/wellcoms.html,9228
979,ホームポジション,https://www.ipokiso.com//company/2022/homeposition.html,2999
980,ジャパンワランティサポート,https://www.ipokiso.com//company/2022/jpwsp.html,7386
981,ヤマイチ・ユニハイムエステート,https://www.ipokiso.com//company/2022/yueg.html,2984
982,ANYCOLOR,https://www.ipokiso.com//company/2022/anycolor.html,5032
983,トリプルアイズ,https://www.ipokiso.com//company/2022/3-ize.html,5026
984,クリアル,https://www.ipokiso.com//company/2022/creal.html,2998
985,ペットゴー,https://www.ipokiso.com//company/2022/petgo.html,7140
986,ストレージ王,https://www.ipokiso.com//company/2022/storageoh.html,2997
987,モイ,https://www.ipokiso.com//company/2022/moi.html,5031
988,インフォメティス,https://www.ipokiso.com//company/2022/informetis.html,5030
989,フルハシEPO,https://www.ipokiso.com//company/2022/fuluhashi.html,9221
990,ASNOVA,https://www.ipokiso.com//company/2022/asnova.html,9223
991,サークレイス,https://www.ipokiso.com//company/2022/circlace.html,5029
992,エフビー介護サービス,https://www.ipokiso.com//company/2022/fb-kaigo.html,9220
993,セカンドサイトアナリティカ,https://www.ipokiso.com//company/2022/sxi.html,5028
994,ノバック,https://www.ipokiso.com//company/2022/novac.html,5079
995,ギックス,https://www.ipokiso.com//company/2022/gixo.html,9219
996,メンタルヘルステクノロジーズ,https://www.ipokiso.com//company/2022/mh-tec.html,9218
997,住信SBIネット銀行,https://www.ipokiso.com//company/2022/netbk.html,7163
998,TORICO,https://www.ipokiso.com//company/2022/torico.html,7138
999,RepertoireGenesis,https://www.ipokiso.com//company/2022/repertoire.html,9217
1000,守谷輸送機工業,https://www.ipokiso.com//company/2022/moriya-elevator.html,6226
1001,セレコーポレーション,https://www.ipokiso.com//company/2022/cel-co.html,5078
1002,シノケンリート投資法人,https://www.ipokiso.com//company/2022/shinoken_reit.html,2996
1003,イメージ・マジック,https://www.ipokiso.com//company/2022/imagemagic.html,7793
1004,ビーウィズ,https://www.ipokiso.com//company/2022/bewith.html,9216
1005,マーキュリーリアルテックイノベーター,https://www.ipokiso.com//company/2022/mcury.html,5025
1006,BeeX,https://www.ipokiso.com//company/2022/beex.html,4270
1007,CaSy,https://www.ipokiso.com//company/2022/casy.html,9215
1008,ノーザ,https://www.ipokiso.com//company/2022/nhosa.html,4269
1009,エッジテクノロジー,https://www.ipokiso.com//company/2022/edge-tech.html,4268
1010,ライトワークス,https://www.ipokiso.com//company/2022/lightworks.html,4267
1011,ビッグツリーテクノロジー＆コンサルティング,https://www.ipokiso.com//company/2022/bigtreetc.html,4266
1012,セイファート,https://www.ipokiso.com//company/2022/seyfert.html,9213
1013,Recovery International,https://www.ipokiso.com//company/2022/recovery-group.html,9214
